RAFAYAAMIR,1000,2000,LAHORE,6200,Ali,123,1,LEH 1  red honda cd70
RAFAY AAMIR,11,9,LAHORE,10000,Ali,123,1,LEH 1  red honda cd70
RAFAY,1,2,LAHORE,10000,Ali,123,1,LEH 1  red honda cd70
MUHAMMAD X,1255744,76834527975,LAHORE,5810.000000,Ali,123,1,LEH 1  red honda cd70
Zain Mustafa,4433665436,3526209874532,Islamabad,100.000000,Ali,123,1,LEH 1  red honda cd70
WALIJA AZAM,12343215432,232323232323,PESHAWAR,3500.000000,Ali,123,1,LEH 1  red honda cd70
FATIMA ,12388756443,567456745674,LAHORE,700.000000,Ali,123,1,LEH 1  red honda cd70
RAFAY AAMIR GULL,6543456327,7675434523417,LAHORE,3500.000000,Ali,123,1,LEH 1  red honda cd70
MUHAMMAD,2346537865,656739876,ISLAMABAD,2500.000000,Ali,123,1,LEH 1  red honda cd70
